group,n,ACC_RoleNet,UAR_RoleNet,ACC_PaperBest,UAR_PaperBest,ACC_PaperBest_FM,UAR_PaperBest_FM,dACC_vs_PaperBest,dACC_vs_PaperBest_lo,dACC_vs_PaperBest_hi,dACC_vs_PaperBest_FM,dACC_vs_PaperBest_FM_lo,dACC_vs_PaperBest_FM_hi,RoleNet_predicts_Bprev_%
all,2421,37.9182156133829,26.6166759139463,31.681123502684844,21.265409073882157,32.71375464684015,23.247738016769233,6.237092110698054,1.6932022190508584,9.629367408234044,5.204460966542747,0.9878483339096068,7.73159274757185,43.425076452599384
B prev known,654,41.896024464831804,27.39331506998757,36.391437308868504,22.742627319286356,36.08562691131498,24.01652878163849,5.5045871559633,-1.347998816618073,9.844783811567304,5.810397553516822,-0.6713923888594256,9.572559080725584,43.425076452599384
B keeps,320,56.56250000000001,32.450461958658686,46.25,24.86201037792166,45.625,26.30546237103614,10.312500000000007,-0.6825938566552878,18.055708516886924,10.937500000000007,-1.2543165646613967,16.333704883227178,56.56250000000001
B changes,334,27.844311377245507,20.999706638068993,26.94610778443114,19.80620693229767,26.94610778443114,20.90338418524906,0.8982035928143688,-5.214850333715365,5.862144807361715,0.8982035928143688,-4.176427361777361,6.969733391608391,30.83832335329341
B keeps & mirrors A,145,71.03448275862068,49.11949685534591,55.86206896551724,39.82704402515723,53.79310344827586,36.871069182389945,15.172413793103445,-0.5683450888192215,27.933166283273085,17.241379310344826,0.792893493275177,25.310846560846553,71.03448275862068
B keeps & not mirror A,175,44.57142857142857,28.332044819113783,38.285714285714285,22.58830987279263,38.857142857142854,25.034316552173696,6.285714285714285,-6.025009127418759,14.686279977691017,5.714285714285715,-7.407936507936506,13.813671637977833,44.57142857142857
B changes & mirrors A,90,43.333333333333336,31.852042694147958,41.11111111111111,29.28794013004539,36.666666666666664,26.559072506440927,2.2222222222222285,-11.764705882352942,16.66666666666667,6.666666666666671,-3.6038749592966517,18.668749999999992,25.555555555555554
B changes & not mirror A,244,22.131147540983605,17.91981917885938,21.721311475409834,17.31132348409747,23.36065573770492,19.692113462426466,0.4098360655737707,-6.818410003650966,6.155555555555545,-1.2295081967213157,-7.4894754251176465,5.455168119551677,32.78688524590164
B prev unknown,1767,36.44595359366157,26.2104259088212,29.937747594793436,20.673440137457824,31.465761177136393,22.893150042640848,6.508205998868135,1.9144105120454427,10.428448186984133,4.980192416525178,0.7880845329175585,8.02518133766561,
