sample_id,stratum,N_h,weight
sample02282,S1,654,0.2701363073110285
sample00077,S1,654,0.2701363073110285
sample00414,S1,654,0.2701363073110285
sample01790,S1,654,0.2701363073110285
sample02289,S1,654,0.2701363073110285
sample00730,S1,654,0.2701363073110285
sample00292,S1,654,0.2701363073110285
sample01267,S1,654,0.2701363073110285
sample00571,S1,654,0.2701363073110285
sample02473,S1,654,0.2701363073110285
sample01526,S1,654,0.2701363073110285
sample01278,S1,654,0.2701363073110285
sample00922,S1,654,0.2701363073110285
sample01967,S1,654,0.2701363073110285
sample01439,S1,654,0.2701363073110285
sample00587,S1,654,0.2701363073110285
sample00324,S1,654,0.2701363073110285
sample00038,S1,654,0.2701363073110285
sample01416,S1,654,0.2701363073110285
sample01418,S1,654,0.2701363073110285
sample01486,S1,654,0.2701363073110285
sample00351,S1,654,0.2701363073110285
sample02494,S1,654,0.2701363073110285
sample01832,S1,654,0.2701363073110285
sample00626,S1,654,0.2701363073110285
sample00338,S1,654,0.2701363073110285
sample02261,S1,654,0.2701363073110285
sample00036,S1,654,0.2701363073110285
sample00242,S1,654,0.2701363073110285
sample01823,S1,654,0.2701363073110285
sample02647,S1,654,0.2701363073110285
sample00866,S1,654,0.2701363073110285
sample00090,S1,654,0.2701363073110285
sample01488,S1,654,0.2701363073110285
sample00635,S1,654,0.2701363073110285
sample02520,S1,654,0.2701363073110285
sample02307,S1,654,0.2701363073110285
sample00394,S1,654,0.2701363073110285
sample01856,S1,654,0.2701363073110285
sample02597,S1,654,0.2701363073110285
sample00838,S1,654,0.2701363073110285
sample02475,S1,654,0.2701363073110285
sample01831,S1,654,0.2701363073110285
sample01768,S1,654,0.2701363073110285
sample02311,S1,654,0.2701363073110285
sample02529,S1,654,0.2701363073110285
sample00443,S1,654,0.2701363073110285
sample00149,S1,654,0.2701363073110285
sample01117,S1,654,0.2701363073110285
sample00431,S1,654,0.2701363073110285
sample00858,S2,562,0.2321354812061132
sample01256,S2,562,0.2321354812061132
sample00333,S2,562,0.2321354812061132
sample00661,S2,562,0.2321354812061132
sample01778,S2,562,0.2321354812061132
sample01726,S2,562,0.2321354812061132
sample02733,S2,562,0.2321354812061132
sample00984,S2,562,0.2321354812061132
sample02180,S2,562,0.2321354812061132
sample00345,S2,562,0.2321354812061132
sample02274,S2,562,0.2321354812061132
sample00043,S2,562,0.2321354812061132
sample01878,S2,562,0.2321354812061132
sample01539,S2,562,0.2321354812061132
sample00861,S2,562,0.2321354812061132
sample00914,S2,562,0.2321354812061132
sample01477,S2,562,0.2321354812061132
sample00770,S2,562,0.2321354812061132
sample02512,S2,562,0.2321354812061132
sample02592,S2,562,0.2321354812061132
sample00876,S2,562,0.2321354812061132
sample01921,S2,562,0.2321354812061132
sample01811,S2,562,0.2321354812061132
sample01237,S2,562,0.2321354812061132
sample02500,S2,562,0.2321354812061132
sample01239,S2,562,0.2321354812061132
sample02501,S2,562,0.2321354812061132
sample00902,S2,562,0.2321354812061132
sample02340,S2,562,0.2321354812061132
sample02089,S2,562,0.2321354812061132
sample01375,S2,562,0.2321354812061132
sample01862,S2,562,0.2321354812061132
sample01422,S2,562,0.2321354812061132
sample01273,S2,562,0.2321354812061132
sample00492,S2,562,0.2321354812061132
sample00714,S2,562,0.2321354812061132
sample02559,S2,562,0.2321354812061132
sample01575,S2,562,0.2321354812061132
sample01551,S2,562,0.2321354812061132
sample00837,S2,562,0.2321354812061132
sample00384,S2,562,0.2321354812061132
sample02347,S2,562,0.2321354812061132
sample02484,S2,562,0.2321354812061132
sample01524,S2,562,0.2321354812061132
sample00235,S2,562,0.2321354812061132
sample01413,S2,562,0.2321354812061132
sample00389,S2,562,0.2321354812061132
sample00102,S2,562,0.2321354812061132
sample02221,S2,562,0.2321354812061132
sample00996,S2,562,0.2321354812061132
sample02521,S3,737,0.3044196612969847
sample01461,S3,737,0.3044196612969847
sample00864,S3,737,0.3044196612969847
sample00928,S3,737,0.3044196612969847
sample02031,S3,737,0.3044196612969847
sample02643,S3,737,0.3044196612969847
sample01762,S3,737,0.3044196612969847
sample00839,S3,737,0.3044196612969847
sample01805,S3,737,0.3044196612969847
sample00666,S3,737,0.3044196612969847
sample00713,S3,737,0.3044196612969847
sample01426,S3,737,0.3044196612969847
sample01154,S3,737,0.3044196612969847
sample02150,S3,737,0.3044196612969847
sample02696,S3,737,0.3044196612969847
sample01727,S3,737,0.3044196612969847
sample02146,S3,737,0.3044196612969847
sample01587,S3,737,0.3044196612969847
sample00634,S3,737,0.3044196612969847
sample01394,S3,737,0.3044196612969847
sample00126,S3,737,0.3044196612969847
sample01544,S3,737,0.3044196612969847
sample02651,S3,737,0.3044196612969847
sample00477,S3,737,0.3044196612969847
sample02606,S3,737,0.3044196612969847
sample00715,S3,737,0.3044196612969847
sample02210,S3,737,0.3044196612969847
sample01517,S3,737,0.3044196612969847
sample02149,S3,737,0.3044196612969847
sample01203,S3,737,0.3044196612969847
sample02260,S3,737,0.3044196612969847
sample01947,S3,737,0.3044196612969847
sample01366,S3,737,0.3044196612969847
sample00247,S3,737,0.3044196612969847
sample00461,S3,737,0.3044196612969847
sample01574,S3,737,0.3044196612969847
sample02301,S3,737,0.3044196612969847
sample02240,S3,737,0.3044196612969847
sample02195,S3,737,0.3044196612969847
sample01171,S3,737,0.3044196612969847
sample02370,S3,737,0.3044196612969847
sample01369,S3,737,0.3044196612969847
sample01772,S3,737,0.3044196612969847
sample02092,S3,737,0.3044196612969847
sample00685,S3,737,0.3044196612969847
sample00949,S3,737,0.3044196612969847
sample02725,S3,737,0.3044196612969847
sample01675,S3,737,0.3044196612969847
sample01979,S3,737,0.3044196612969847
sample00528,S3,737,0.3044196612969847
sample00883,S4,468,0.19330855018587362
sample02709,S4,468,0.19330855018587362
sample01504,S4,468,0.19330855018587362
sample00470,S4,468,0.19330855018587362
sample02465,S4,468,0.19330855018587362
sample00442,S4,468,0.19330855018587362
sample00678,S4,468,0.19330855018587362
sample01757,S4,468,0.19330855018587362
sample01567,S4,468,0.19330855018587362
sample00620,S4,468,0.19330855018587362
sample00995,S4,468,0.19330855018587362
sample00281,S4,468,0.19330855018587362
sample00744,S4,468,0.19330855018587362
sample00663,S4,468,0.19330855018587362
sample00509,S4,468,0.19330855018587362
sample02232,S4,468,0.19330855018587362
sample01661,S4,468,0.19330855018587362
sample00344,S4,468,0.19330855018587362
sample02627,S4,468,0.19330855018587362
sample02024,S4,468,0.19330855018587362
sample01279,S4,468,0.19330855018587362
sample01157,S4,468,0.19330855018587362
sample01735,S4,468,0.19330855018587362
sample00365,S4,468,0.19330855018587362
sample00697,S4,468,0.19330855018587362
sample00357,S4,468,0.19330855018587362
sample02468,S4,468,0.19330855018587362
sample00665,S4,468,0.19330855018587362
sample00543,S4,468,0.19330855018587362
sample00753,S4,468,0.19330855018587362
sample02324,S4,468,0.19330855018587362
sample02432,S4,468,0.19330855018587362
sample00578,S4,468,0.19330855018587362
sample01440,S4,468,0.19330855018587362
sample00033,S4,468,0.19330855018587362
sample00440,S4,468,0.19330855018587362
sample01398,S4,468,0.19330855018587362
sample00160,S4,468,0.19330855018587362
sample00447,S4,468,0.19330855018587362
sample01586,S4,468,0.19330855018587362
sample02375,S4,468,0.19330855018587362
sample02216,S4,468,0.19330855018587362
sample01443,S4,468,0.19330855018587362
sample02020,S4,468,0.19330855018587362
sample01850,S4,468,0.19330855018587362
sample00657,S4,468,0.19330855018587362
sample02477,S4,468,0.19330855018587362
sample02585,S4,468,0.19330855018587362
sample00597,S4,468,0.19330855018587362
sample00548,S4,468,0.19330855018587362
