item_id,sample_id,clip1,clip2,clip3,source1,source2,source3
P001,sample00477,05/00217,05/00218,05/00219,video/05/00217.mp4,video/05/00218.mp4,video/05/00219.mp4
P002,sample00902,12/00744,12/00745,12/00746,video/12/00744.mp4,video/12/00745.mp4,video/12/00746.mp4
P003,sample00730,09/00775,09/00776,09/00777,video/09/00775.mp4,video/09/00776.mp4,video/09/00777.mp4
P004,sample00685,09/00468,09/00469,09/00470,video/09/00468.mp4,video/09/00469.mp4,video/09/00470.mp4
P005,sample00984,14/00319,14/00320,14/00321,video/14/00319.mp4,video/14/00320.mp4,video/14/00321.mp4
P006,sample01979,36/00500,36/00501,36/00502,video/36/00500.mp4,video/36/00501.mp4,video/36/00502.mp4
P007,sample02709,52/00481,52/00482,52/00483,video/52/00481.mp4,video/52/00482.mp4,video/52/00483.mp4
P008,sample00461,05/00054,05/00055,05/00056,video/05/00054.mp4,video/05/00055.mp4,video/05/00056.mp4
P009,sample01675,30/00405,30/00406,30/00407,video/30/00405.mp4,video/30/00406.mp4,video/30/00407.mp4
P010,sample01256,19/00785,19/00786,19/00787,video/19/00785.mp4,video/19/00786.mp4,video/19/00787.mp4
P011,sample02643,51/00602,51/00603,51/00604,video/51/00602.mp4,video/51/00603.mp4,video/51/00604.mp4
P012,sample00548,06/00680,06/00681,06/00682,video/06/00680.mp4,video/06/00681.mp4,video/06/00682.mp4
P013,sample00160,01/00743,01/00744,01/00745,video/01/00743.mp4,video/01/00744.mp4,video/01/00745.mp4
P014,sample01757,32/00287,32/00288,32/00289,video/32/00287.mp4,video/32/00288.mp4,video/32/00289.mp4
P015,sample01862,34/00218,34/00219,34/00220,video/34/00218.mp4,video/34/00219.mp4,video/34/00220.mp4
P016,sample00858,12/00474,12/00475,12/00476,video/12/00474.mp4,video/12/00475.mp4,video/12/00476.mp4
P017,sample00571,07/00171,07/00172,07/00173,video/07/00171.mp4,video/07/00172.mp4,video/07/00173.mp4
P018,sample02240,41/00629,41/00630,41/00631,video/41/00629.mp4,video/41/00630.mp4,video/41/00631.mp4
P019,sample00876,12/00577,12/00578,12/00579,video/12/00577.mp4,video/12/00578.mp4,video/12/00579.mp4
P020,sample02512,49/00384,49/00385,49/00386,video/49/00384.mp4,video/49/00385.mp4,video/49/00386.mp4
P021,sample00837,12/00231,12/00232,12/00233,video/12/00231.mp4,video/12/00232.mp4,video/12/00233.mp4
P022,sample00661,09/00217,09/00218,09/00219,video/09/00217.mp4,video/09/00218.mp4,video/09/00219.mp4
P023,sample01369,22/00803,22/00804,22/00805,video/22/00803.mp4,video/22/00804.mp4,video/22/00805.mp4
P024,sample01823,33/00441,33/00442,33/00443,video/33/00441.mp4,video/33/00442.mp4,video/33/00443.mp4
P025,sample02311,44/00197,44/00198,44/00199,video/44/00197.mp4,video/44/00198.mp4,video/44/00199.mp4
P026,sample00365,04/00218,04/00219,04/00220,video/04/00218.mp4,video/04/00219.mp4,video/04/00220.mp4
P027,sample02375,46/00576,46/00577,46/00578,video/46/00576.mp4,video/46/00577.mp4,video/46/00578.mp4
P028,sample00657,09/00204,09/00205,09/00206,video/09/00204.mp4,video/09/00205.mp4,video/09/00206.mp4
P029,sample01267,20/00106,20/00107,20/00108,video/20/00106.mp4,video/20/00107.mp4,video/20/00108.mp4
P030,sample00440,04/00722,04/00723,04/00724,video/04/00722.mp4,video/04/00723.mp4,video/04/00724.mp4
P031,sample00744,09/00885,09/00886,09/00887,video/09/00885.mp4,video/09/00886.mp4,video/09/00887.mp4
P032,sample02232,41/00545,41/00546,41/00547,video/41/00545.mp4,video/41/00546.mp4,video/41/00547.mp4
P033,sample02180,40/00476,40/00477,40/00478,video/40/00476.mp4,video/40/00477.mp4,video/40/00478.mp4
P034,sample01394,23/00568,23/00569,23/00570,video/23/00568.mp4,video/23/00569.mp4,video/23/00570.mp4
P035,sample00713,09/00581,09/00582,09/00583,video/09/00581.mp4,video/09/00582.mp4,video/09/00583.mp4
P036,sample01832,33/00466,33/00467,33/00468,video/33/00466.mp4,video/33/00467.mp4,video/33/00468.mp4
P037,sample00995,14/00502,14/00503,14/00504,video/14/00502.mp4,video/14/00503.mp4,video/14/00504.mp4
P038,sample02020,36/00923,36/00924,36/00925,video/36/00923.mp4,video/36/00924.mp4,video/36/00925.mp4
P039,sample01524,25/00854,25/00855,25/00856,video/25/00854.mp4,video/25/00855.mp4,video/25/00856.mp4
P040,sample01967,36/00473,36/00474,36/00475,video/36/00473.mp4,video/36/00474.mp4,video/36/00475.mp4
P041,sample02725,52/00549,52/00550,52/00551,video/52/00549.mp4,video/52/00550.mp4,video/52/00551.mp4
P042,sample02585,50/00588,50/00589,50/00590,video/50/00588.mp4,video/50/00589.mp4,video/50/00590.mp4
P043,sample01439,24/00407,24/00408,24/00409,video/24/00407.mp4,video/24/00408.mp4,video/24/00409.mp4
P044,sample02651,51/00667,51/00668,51/00669,video/51/00667.mp4,video/51/00668.mp4,video/51/00669.mp4
P045,sample01811,33/00211,33/00212,33/00213,video/33/00211.mp4,video/33/00212.mp4,video/33/00213.mp4
P046,sample01575,26/00741,26/00742,26/00743,video/26/00741.mp4,video/26/00742.mp4,video/26/00743.mp4
P047,sample02484,49/00217,49/00218,49/00219,video/49/00217.mp4,video/49/00218.mp4,video/49/00219.mp4
P048,sample00839,12/00279,12/00280,12/00281,video/12/00279.mp4,video/12/00280.mp4,video/12/00281.mp4
P049,sample00883,12/00621,12/00622,12/00623,video/12/00621.mp4,video/12/00622.mp4,video/12/00623.mp4
P050,sample01574,26/00725,26/00726,26/00727,video/26/00725.mp4,video/26/00726.mp4,video/26/00727.mp4
P051,sample01422,23/00818,23/00819,23/00820,video/23/00818.mp4,video/23/00819.mp4,video/23/00820.mp4
P052,sample01278,20/00250,20/00251,20/00252,video/20/00250.mp4,video/20/00251.mp4,video/20/00252.mp4
P053,sample02733,52/00685,52/00686,52/00687,video/52/00685.mp4,video/52/00686.mp4,video/52/00687.mp4
P054,sample00620,08/00204,08/00205,08/00206,video/08/00204.mp4,video/08/00205.mp4,video/08/00206.mp4
P055,sample02465,49/00080,49/00081,49/00082,video/49/00080.mp4,video/49/00081.mp4,video/49/00082.mp4
P056,sample00247,03/00100,03/00101,03/00102,video/03/00100.mp4,video/03/00101.mp4,video/03/00102.mp4
P057,sample00344,04/00130,04/00131,04/00132,video/04/00130.mp4,video/04/00131.mp4,video/04/00132.mp4
P058,sample02501,49/00319,49/00320,49/00321,video/49/00319.mp4,video/49/00320.mp4,video/49/00321.mp4
P059,sample02301,43/00698,43/00699,43/00700,video/43/00698.mp4,video/43/00699.mp4,video/43/00700.mp4
P060,sample01526,25/00868,25/00869,25/00870,video/25/00868.mp4,video/25/00869.mp4,video/25/00870.mp4
P061,sample00384,04/00333,04/00334,04/00335,video/04/00333.mp4,video/04/00334.mp4,video/04/00335.mp4
P062,sample01735,31/00119,31/00120,31/00121,video/31/00119.mp4,video/31/00120.mp4,video/31/00121.mp4
P063,sample01587,27/00211,27/00212,27/00213,video/27/00211.mp4,video/27/00212.mp4,video/27/00213.mp4
P064,sample02520,49/00548,49/00549,49/00550,video/49/00548.mp4,video/49/00549.mp4,video/49/00550.mp4
P065,sample00126,01/00554,01/00555,01/00556,video/01/00554.mp4,video/01/00555.mp4,video/01/00556.mp4
P066,sample01366,22/00800,22/00801,22/00802,video/22/00800.mp4,video/22/00801.mp4,video/22/00802.mp4
P067,sample02494,49/00287,49/00288,49/00289,video/49/00287.mp4,video/49/00288.mp4,video/49/00289.mp4
P068,sample00492,05/00431,05/00432,05/00433,video/05/00431.mp4,video/05/00432.mp4,video/05/00433.mp4
P069,sample02146,39/00863,39/00864,39/00865,video/39/00863.mp4,video/39/00864.mp4,video/39/00865.mp4
P070,sample01661,30/00174,30/00175,30/00176,video/30/00174.mp4,video/30/00175.mp4,video/30/00176.mp4
P071,sample01726,31/00050,31/00051,31/00052,video/31/00050.mp4,video/31/00051.mp4,video/31/00052.mp4
P072,sample00928,13/00402,13/00403,13/00404,video/13/00402.mp4,video/13/00403.mp4,video/13/00404.mp4
P073,sample02477,49/00168,49/00169,49/00170,video/49/00168.mp4,video/49/00169.mp4,video/49/00170.mp4
P074,sample01117,17/00129,17/00130,17/00131,video/17/00129.mp4,video/17/00130.mp4,video/17/00131.mp4
P075,sample02468,49/00093,49/00094,49/00095,video/49/00093.mp4,video/49/00094.mp4,video/49/00095.mp4
P076,sample00102,01/00470,01/00471,01/00472,video/01/00470.mp4,video/01/00471.mp4,video/01/00472.mp4
P077,sample02210,41/00173,41/00174,41/00175,video/41/00173.mp4,video/41/00174.mp4,video/41/00175.mp4
P078,sample01772,32/00408,32/00409,32/00410,video/32/00408.mp4,video/32/00409.mp4,video/32/00410.mp4
P079,sample00414,04/00537,04/00538,04/00539,video/04/00537.mp4,video/04/00538.mp4,video/04/00539.mp4
P080,sample00587,07/00345,07/00346,07/00347,video/07/00345.mp4,video/07/00346.mp4,video/07/00347.mp4
P081,sample01418,23/00796,23/00797,23/00798,video/23/00796.mp4,video/23/00797.mp4,video/23/00798.mp4
P082,sample00770,10/00300,10/00301,10/00302,video/10/00300.mp4,video/10/00301.mp4,video/10/00302.mp4
P083,sample01850,33/00585,33/00586,33/00587,video/33/00585.mp4,video/33/00586.mp4,video/33/00587.mp4
P084,sample01443,24/00427,24/00428,24/00429,video/24/00427.mp4,video/24/00428.mp4,video/24/00429.mp4
P085,sample01762,32/00299,32/00300,32/00301,video/32/00299.mp4,video/32/00300.mp4,video/32/00301.mp4
P086,sample02340,45/00414,45/00415,45/00416,video/45/00414.mp4,video/45/00415.mp4,video/45/00416.mp4
P087,sample02647,51/00620,51/00621,51/00622,video/51/00620.mp4,video/51/00621.mp4,video/51/00622.mp4
P088,sample02282,43/00392,43/00393,43/00394,video/43/00392.mp4,video/43/00393.mp4,video/43/00394.mp4
P089,sample00242,03/00060,03/00061,03/00062,video/03/00060.mp4,video/03/00061.mp4,video/03/00062.mp4
P090,sample01461,25/00039,25/00040,25/00041,video/25/00039.mp4,video/25/00040.mp4,video/25/00041.mp4
P091,sample00543,06/00597,06/00598,06/00599,video/06/00597.mp4,video/06/00598.mp4,video/06/00599.mp4
P092,sample01790,32/00633,32/00634,32/00635,video/32/00633.mp4,video/32/00634.mp4,video/32/00635.mp4
P093,sample00864,12/00498,12/00499,12/00500,video/12/00498.mp4,video/12/00499.mp4,video/12/00500.mp4
P094,sample00090,01/00448,01/00449,01/00450,video/01/00448.mp4,video/01/00449.mp4,video/01/00450.mp4
P095,sample02260,42/00587,42/00588,42/00589,video/42/00587.mp4,video/42/00588.mp4,video/42/00589.mp4
P096,sample02031,37/00118,37/00119,37/00120,video/37/00118.mp4,video/37/00119.mp4,video/37/00120.mp4
P097,sample02216,41/00265,41/00266,41/00267,video/41/00265.mp4,video/41/00266.mp4,video/41/00267.mp4
P098,sample00351,04/00175,04/00176,04/00177,video/04/00175.mp4,video/04/00176.mp4,video/04/00177.mp4
P099,sample02289,43/00581,43/00582,43/00583,video/43/00581.mp4,video/43/00582.mp4,video/43/00583.mp4
P100,sample01477,25/00271,25/00272,25/00273,video/25/00271.mp4,video/25/00272.mp4,video/25/00273.mp4
P101,sample01171,17/00713,17/00714,17/00715,video/17/00713.mp4,video/17/00714.mp4,video/17/00715.mp4
P102,sample01488,25/00379,25/00380,25/00381,video/25/00379.mp4,video/25/00380.mp4,video/25/00381.mp4
P103,sample01413,23/00760,23/00761,23/00762,video/23/00760.mp4,video/23/00761.mp4,video/23/00762.mp4
P104,sample01805,33/00185,33/00186,33/00187,video/33/00185.mp4,video/33/00186.mp4,video/33/00187.mp4
P105,sample00431,04/00651,04/00652,04/00653,video/04/00651.mp4,video/04/00652.mp4,video/04/00653.mp4
P106,sample02500,49/00315,49/00316,49/00317,video/49/00315.mp4,video/49/00316.mp4,video/49/00317.mp4
P107,sample01440,24/00420,24/00421,24/00422,video/24/00420.mp4,video/24/00421.mp4,video/24/00422.mp4
P108,sample01831,33/00464,33/00465,33/00466,video/33/00464.mp4,video/33/00465.mp4,video/33/00466.mp4
P109,sample01921,35/00373,35/00374,35/00375,video/35/00373.mp4,video/35/00374.mp4,video/35/00375.mp4
P110,sample01856,33/00610,33/00611,33/00612,video/33/00610.mp4,video/33/00611.mp4,video/33/00612.mp4
P111,sample01154,17/00612,17/00613,17/00614,video/17/00612.mp4,video/17/00613.mp4,video/17/00614.mp4
P112,sample02024,37/00077,37/00078,37/00079,video/37/00077.mp4,video/37/00078.mp4,video/37/00079.mp4
P113,sample02195,40/00591,40/00592,40/00593,video/40/00591.mp4,video/40/00592.mp4,video/40/00593.mp4
P114,sample02347,45/00621,45/00622,45/00623,video/45/00621.mp4,video/45/00622.mp4,video/45/00623.mp4
P115,sample00666,09/00254,09/00255,09/00256,video/09/00254.mp4,video/09/00255.mp4,video/09/00256.mp4
P116,sample01426,23/00945,23/00946,23/00947,video/23/00945.mp4,video/23/00946.mp4,video/23/00947.mp4
P117,sample00626,08/00214,08/00215,08/00216,video/08/00214.mp4,video/08/00215.mp4,video/08/00216.mp4
P118,sample01586,27/00209,27/00210,27/00211,video/27/00209.mp4,video/27/00210.mp4,video/27/00211.mp4
P119,sample00914,13/00246,13/00247,13/00248,video/13/00246.mp4,video/13/00247.mp4,video/13/00248.mp4
P120,sample00447,04/00736,04/00737,04/00738,video/04/00736.mp4,video/04/00737.mp4,video/04/00738.mp4
P121,sample02597,50/00757,50/00758,50/00759,video/50/00757.mp4,video/50/00758.mp4,video/50/00759.mp4
P122,sample00333,04/00075,04/00076,04/00077,video/04/00075.mp4,video/04/00076.mp4,video/04/00077.mp4
P123,sample00038,01/00168,01/00169,01/00170,video/01/00168.mp4,video/01/00169.mp4,video/01/00170.mp4
P124,sample00861,12/00482,12/00483,12/00484,video/12/00482.mp4,video/12/00483.mp4,video/12/00484.mp4
P125,sample01416,23/00791,23/00792,23/00793,video/23/00791.mp4,video/23/00792.mp4,video/23/00793.mp4
P126,sample00324,04/00011,04/00012,04/00013,video/04/00011.mp4,video/04/00012.mp4,video/04/00013.mp4
P127,sample02473,49/00161,49/00162,49/00163,video/49/00161.mp4,video/49/00162.mp4,video/49/00163.mp4
P128,sample00036,01/00166,01/00167,01/00168,video/01/00166.mp4,video/01/00167.mp4,video/01/00168.mp4
P129,sample02606,51/00031,51/00032,51/00033,video/51/00031.mp4,video/51/00032.mp4,video/51/00033.mp4
P130,sample02150,40/00036,40/00037,40/00038,video/40/00036.mp4,video/40/00037.mp4,video/40/00038.mp4
P131,sample01567,26/00520,26/00521,26/00522,video/26/00520.mp4,video/26/00521.mp4,video/26/00522.mp4
P132,sample00678,09/00383,09/00384,09/00385,video/09/00383.mp4,video/09/00384.mp4,video/09/00385.mp4
P133,sample00442,04/00724,04/00725,04/00726,video/04/00724.mp4,video/04/00725.mp4,video/04/00726.mp4
P134,sample00753,10/00114,10/00115,10/00116,video/10/00114.mp4,video/10/00115.mp4,video/10/00116.mp4
P135,sample02592,50/00726,50/00727,50/00728,video/50/00726.mp4,video/50/00727.mp4,video/50/00728.mp4
P136,sample02521,49/00549,49/00550,49/00551,video/49/00549.mp4,video/49/00550.mp4,video/49/00551.mp4
P137,sample02559,50/00320,50/00321,50/00322,video/50/00320.mp4,video/50/00321.mp4,video/50/00322.mp4
P138,sample00996,14/00542,14/00543,14/00544,video/14/00542.mp4,video/14/00543.mp4,video/14/00544.mp4
P139,sample00635,08/00242,08/00243,08/00244,video/08/00242.mp4,video/08/00243.mp4,video/08/00244.mp4
P140,sample02696,52/00360,52/00361,52/00362,video/52/00360.mp4,video/52/00361.mp4,video/52/00362.mp4
P141,sample01517,25/00770,25/00771,25/00772,video/25/00770.mp4,video/25/00771.mp4,video/25/00772.mp4
P142,sample02092,38/00539,38/00540,38/00541,video/38/00539.mp4,video/38/00540.mp4,video/38/00541.mp4
P143,sample00443,04/00726,04/00727,04/00728,video/04/00726.mp4,video/04/00727.mp4,video/04/00728.mp4
P144,sample00338,04/00112,04/00113,04/00114,video/04/00112.mp4,video/04/00113.mp4,video/04/00114.mp4
P145,sample01768,32/00351,32/00352,32/00353,video/32/00351.mp4,video/32/00352.mp4,video/32/00353.mp4
P146,sample01539,26/00119,26/00120,26/00121,video/26/00119.mp4,video/26/00120.mp4,video/26/00121.mp4
P147,sample00149,01/00657,01/00658,01/00659,video/01/00657.mp4,video/01/00658.mp4,video/01/00659.mp4
P148,sample00470,05/00170,05/00171,05/00172,video/05/00170.mp4,video/05/00171.mp4,video/05/00172.mp4
P149,sample00235,03/00040,03/00041,03/00042,video/03/00040.mp4,video/03/00041.mp4,video/03/00042.mp4
P150,sample02221,41/00417,41/00418,41/00419,video/41/00417.mp4,video/41/00418.mp4,video/41/00419.mp4
P151,sample00949,13/00589,13/00590,13/00591,video/13/00589.mp4,video/13/00590.mp4,video/13/00591.mp4
P152,sample00394,04/00387,04/00388,04/00389,video/04/00387.mp4,video/04/00388.mp4,video/04/00389.mp4
P153,sample00866,12/00500,12/00501,12/00502,video/12/00500.mp4,video/12/00501.mp4,video/12/00502.mp4
P154,sample00922,13/00322,13/00323,13/00324,video/13/00322.mp4,video/13/00323.mp4,video/13/00324.mp4
P155,sample02475,49/00163,49/00164,49/00165,video/49/00163.mp4,video/49/00164.mp4,video/49/00165.mp4
P156,sample00509,05/00780,05/00781,05/00782,video/05/00780.mp4,video/05/00781.mp4,video/05/00782.mp4
P157,sample02627,51/00373,51/00374,51/00375,video/51/00373.mp4,video/51/00374.mp4,video/51/00375.mp4
P158,sample00714,09/00585,09/00586,09/00587,video/09/00585.mp4,video/09/00586.mp4,video/09/00587.mp4
P159,sample01157,17/00627,17/00628,17/00629,video/17/00627.mp4,video/17/00628.mp4,video/17/00629.mp4
P160,sample00357,04/00181,04/00182,04/00183,video/04/00181.mp4,video/04/00182.mp4,video/04/00183.mp4
P161,sample02432,48/00048,48/00049,48/00050,video/48/00048.mp4,video/48/00049.mp4,video/48/00050.mp4
P162,sample01727,31/00051,31/00052,31/00053,video/31/00051.mp4,video/31/00052.mp4,video/31/00053.mp4
P163,sample00345,04/00154,04/00155,04/00156,video/04/00154.mp4,video/04/00155.mp4,video/04/00156.mp4
P164,sample00528,06/00334,06/00335,06/00336,video/06/00334.mp4,video/06/00335.mp4,video/06/00336.mp4
P165,sample02529,49/00702,49/00703,49/00704,video/49/00702.mp4,video/49/00703.mp4,video/49/00704.mp4
P166,sample02149,39/00874,39/00875,39/00876,video/39/00874.mp4,video/39/00875.mp4,video/39/00876.mp4
P167,sample00043,01/00197,01/00198,01/00199,video/01/00197.mp4,video/01/00198.mp4,video/01/00199.mp4
P168,sample01279,20/00251,20/00252,20/00253,video/20/00251.mp4,video/20/00252.mp4,video/20/00253.mp4
P169,sample01375,23/00043,23/00044,23/00045,video/23/00043.mp4,video/23/00044.mp4,video/23/00045.mp4
P170,sample01273,20/00162,20/00163,20/00164,video/20/00162.mp4,video/20/00163.mp4,video/20/00164.mp4
P171,sample01203,18/00722,18/00723,18/00724,video/18/00722.mp4,video/18/00723.mp4,video/18/00724.mp4
P172,sample00578,07/00243,07/00244,07/00245,video/07/00243.mp4,video/07/00244.mp4,video/07/00245.mp4
P173,sample00597,07/00539,07/00540,07/00541,video/07/00539.mp4,video/07/00540.mp4,video/07/00541.mp4
P174,sample00665,09/00253,09/00254,09/00255,video/09/00253.mp4,video/09/00254.mp4,video/09/00255.mp4
P175,sample02261,42/00588,42/00589,42/00590,video/42/00588.mp4,video/42/00589.mp4,video/42/00590.mp4
P176,sample00697,09/00498,09/00499,09/00500,video/09/00498.mp4,video/09/00499.mp4,video/09/00500.mp4
P177,sample00077,01/00409,01/00410,01/00411,video/01/00409.mp4,video/01/00410.mp4,video/01/00411.mp4
P178,sample00715,09/00586,09/00587,09/00588,video/09/00586.mp4,video/09/00587.mp4,video/09/00588.mp4
P179,sample01878,34/00529,34/00530,34/00531,video/34/00529.mp4,video/34/00530.mp4,video/34/00531.mp4
P180,sample00838,12/00234,12/00235,12/00236,video/12/00234.mp4,video/12/00235.mp4,video/12/00236.mp4
P181,sample00663,09/00251,09/00252,09/00253,video/09/00251.mp4,video/09/00252.mp4,video/09/00253.mp4
P182,sample00389,04/00363,04/00364,04/00365,video/04/00363.mp4,video/04/00364.mp4,video/04/00365.mp4
P183,sample00634,08/00241,08/00242,08/00243,video/08/00241.mp4,video/08/00242.mp4,video/08/00243.mp4
P184,sample00292,03/00576,03/00577,03/00578,video/03/00576.mp4,video/03/00577.mp4,video/03/00578.mp4
P185,sample00033,01/00161,01/00162,01/00163,video/01/00161.mp4,video/01/00162.mp4,video/01/00163.mp4
P186,sample02089,38/00514,38/00515,38/00516,video/38/00514.mp4,video/38/00515.mp4,video/38/00516.mp4
P187,sample01947,35/00718,35/00719,35/00720,video/35/00718.mp4,video/35/00719.mp4,video/35/00720.mp4
P188,sample02274,43/00269,43/00270,43/00271,video/43/00269.mp4,video/43/00270.mp4,video/43/00271.mp4
P189,sample02307,44/00167,44/00168,44/00169,video/44/00167.mp4,video/44/00168.mp4,video/44/00169.mp4
P190,sample01237,19/00558,19/00559,19/00560,video/19/00558.mp4,video/19/00559.mp4,video/19/00560.mp4
P191,sample02370,46/00365,46/00366,46/00367,video/46/00365.mp4,video/46/00366.mp4,video/46/00367.mp4
P192,sample01504,25/00585,25/00586,25/00587,video/25/00585.mp4,video/25/00586.mp4,video/25/00587.mp4
P193,sample01778,32/00438,32/00439,32/00440,video/32/00438.mp4,video/32/00439.mp4,video/32/00440.mp4
P194,sample01239,19/00573,19/00574,19/00575,video/19/00573.mp4,video/19/00574.mp4,video/19/00575.mp4
P195,sample01544,26/00147,26/00148,26/00149,video/26/00147.mp4,video/26/00148.mp4,video/26/00149.mp4
P196,sample01486,25/00369,25/00370,25/00371,video/25/00369.mp4,video/25/00370.mp4,video/25/00371.mp4
P197,sample02324,45/00091,45/00092,45/00093,video/45/00091.mp4,video/45/00092.mp4,video/45/00093.mp4
P198,sample00281,03/00432,03/00433,03/00434,video/03/00432.mp4,video/03/00433.mp4,video/03/00434.mp4
P199,sample01398,23/00646,23/00647,23/00648,video/23/00646.mp4,video/23/00647.mp4,video/23/00648.mp4
P200,sample01551,26/00228,26/00229,26/00230,video/26/00228.mp4,video/26/00229.mp4,video/26/00230.mp4
C001,sample00906,13/00024,13/00025,13/00026,video/13/00024.mp4,video/13/00025.mp4,video/13/00026.mp4
C002,sample02530,49/00703,49/00704,49/00705,video/49/00703.mp4,video/49/00704.mp4,video/49/00705.mp4
C003,sample00738,09/00862,09/00863,09/00864,video/09/00862.mp4,video/09/00863.mp4,video/09/00864.mp4
C004,sample01252,19/00689,19/00690,19/00691,video/19/00689.mp4,video/19/00690.mp4,video/19/00691.mp4
C005,sample01927,35/00439,35/00440,35/00441,video/35/00439.mp4,video/35/00440.mp4,video/35/00441.mp4
C006,sample00888,12/00630,12/00631,12/00632,video/12/00630.mp4,video/12/00631.mp4,video/12/00632.mp4
C007,sample00549,06/00719,06/00720,06/00721,video/06/00719.mp4,video/06/00720.mp4,video/06/00721.mp4
C008,sample00279,03/00408,03/00409,03/00410,video/03/00408.mp4,video/03/00409.mp4,video/03/00410.mp4
C009,sample00251,03/00145,03/00146,03/00147,video/03/00145.mp4,video/03/00146.mp4,video/03/00147.mp4
C010,sample02117,39/00405,39/00406,39/00407,video/39/00405.mp4,video/39/00406.mp4,video/39/00407.mp4
C011,sample00409,04/00498,04/00499,04/00500,video/04/00498.mp4,video/04/00499.mp4,video/04/00500.mp4
C012,sample00423,04/00612,04/00613,04/00614,video/04/00612.mp4,video/04/00613.mp4,video/04/00614.mp4
C013,sample01471,25/00180,25/00181,25/00182,video/25/00180.mp4,video/25/00181.mp4,video/25/00182.mp4
C014,sample01810,33/00207,33/00208,33/00209,video/33/00207.mp4,video/33/00208.mp4,video/33/00209.mp4
C015,sample00127,01/00555,01/00556,01/00557,video/01/00555.mp4,video/01/00556.mp4,video/01/00557.mp4
