item_id,text1,text2,text3,video1,video2,video3
P001,I got Chuck on the phone.  ln a minute.,I can make more calls...,Enough to raise . million?,P001_1.mp4,P001_2.mp4,P001_3.mp4
P002,There are things you dont know about Peter.,I wrote the article about Roy Kapeniak...  Please leave. Right now.,It was Peter who convinced him  to talk to me.,P002_1.mp4,P002_2.mp4,P002_3.mp4
P003,I cant appear to be  playing favorites now can l?,This isnt because of the other day is it?,What other day?,P003_1.mp4,P003_2.mp4,P003_3.mp4
P004,Its what she said anyway.  Anyway I need you to talk to her.,I dont think that would make any difference.,I thought she owed us Francis.  She does but theres limits.,P004_1.mp4,P004_2.mp4,P004_3.mp4
P005,The less he learns the better.,We might learn something.,Not with him calling the shots.,P005_1.mp4,P005_2.mp4,P005_3.mp4
P006,however unlikely that may be...,Very unlikely I would say.  Well lets say she does.,What do you propose?,P006_1.mp4,P006_2.mp4,P006_3.mp4
P007,Ive done something unforgivable LeAnn.,What?,I killed Zoe Barnes.,P007_1.mp4,P007_2.mp4,P007_3.mp4
P008,For getting all this in order.,Ashley can call me ifyou have any questions  about whats on your desk.,He here yet?  I put him in your office.,P008_1.mp4,P008_2.mp4,P008_3.mp4
P009,Okay. Thanks.  Very convenient. Thanks.,Enjoy.,Im David Grimes with the Cleveland Plain Dealer.,P009_1.mp4,P009_2.mp4,P009_3.mp4
P010,Well we cant guess. We have to be certain.,Well do you want Raymond Tusk to assess that risk?,Or the United States government?,P010_1.mp4,P010_2.mp4,P010_3.mp4
P011,We overestimated his loyalty.  I see.,I mean...,who else could it be?,P011_1.mp4,P011_2.mp4,P011_3.mp4
P012,all I could think to myself was,Jesus what I wouldnt give.,I cant tell you how many times  I thought about that.,P012_1.mp4,P012_2.mp4,P012_3.mp4
P013,May I have the honor?  You most certainly may.,,Morning Freddy.  Mornin Frank.,P013_1.mp4,P013_2.mp4,P013_3.mp4
P014,First hers...,then yours.,Youll resign tomorrow.,P014_1.mp4,P014_2.mp4,P014_3.mp4
P015,Just to get this sort of surveillance operational can take weeks.,Yeah but Doug is right.,We dont know him. Hes a stranger to us.,P015_1.mp4,P015_2.mp4,P015_3.mp4
P016,How many of the stories  you brought me at The Herald,were because you were...  Im not gonna have this conversation.,Fine. Maybe you should take  a cab to the airport.,P016_1.mp4,P016_2.mp4,P016_3.mp4
P017,That is a DNC issue.,We are staying out of it and so should you.,And so Im supposed to just cut ribbons  and go to funerals?,P017_1.mp4,P017_2.mp4,P017_3.mp4
P018,Yes sir.,,Its amazing how ready people are to be afraid.,P018_1.mp4,P018_2.mp4,P018_3.mp4
P019,Yeah he said they met once  I think at a fundraiser.,That would appear to be a lie.,All right I have it in front of me now.,P019_1.mp4,P019_2.mp4,P019_3.mp4
P020,And two seats to the inauguration.,We are two days out.  On the dais.,You are going about this entirely wrong.,P020_1.mp4,P020_2.mp4,P020_3.mp4
P021,Tusk can dress down if he wants to  but Im representing the White House.,And get Walter Doyle onto Tusk.  Lets see ifwe can dig up anything.,Ill call him right now.,P021_1.mp4,P021_2.mp4,P021_3.mp4
P022,You tell SanCorp theyre being foolish.,Im not gonna do that.,Well then youre being foolish.,P022_1.mp4,P022_2.mp4,P022_3.mp4
P023,Hes wrong.,I wasnt gonna take any chances.,Has he done what the governments claiming?,P023_1.mp4,P023_2.mp4,P023_3.mp4
P024,and you werent going to negotiate with Secretary Durant.,What makes you think Ill negotiate with you?,Oh well isnt that why were sitting here?,P024_1.mp4,P024_2.mp4,P024_3.mp4
P025,We have a car waiting.,So were shaking hands today?,I think its best we keep it like that.,P025_1.mp4,P025_2.mp4,P025_3.mp4
P026,and after that all you need is  Democrats.,You and I make two.,Are you out of your mind?,P026_1.mp4,P026_2.mp4,P026_3.mp4
P027,Ill leave you on the goddamn tarmac.,Okay.,What the fuck are you gonna do?,P027_1.mp4,P027_2.mp4,P027_3.mp4
P028,SanCorp is against  any step toward regulation,o matter how small.,Russos planted his feet  on the wrong side of the fence.,P028_1.mp4,P028_2.mp4,P028_3.mp4
P029,And I know where its gotten us.,Sir the attack ads are not a result of anything,Youre scrambling from fire to fire instead of preventing them.,P029_1.mp4,P029_2.mp4,P029_3.mp4
P030,To your home or mine?,Is that an invitation?,Its whatever you want it to be.,P030_1.mp4,P030_2.mp4,P030_3.mp4
P031,A great man once said  that Everything in life is about sex...,Except sex.,Sex is about power.,P031_1.mp4,P031_2.mp4,P031_3.mp4
P032,But you saw what he did didnt you?,o.  Would you like to see it?,We can show it to you if you like.,P032_1.mp4,P032_2.mp4,P032_3.mp4
P033,This is irresponsible Tom.,When the whole nation is in the middle of this major terror threat.,Thats the same reasoning dictators use.,P033_1.mp4,P033_2.mp4,P033_3.mp4
P034,but not this.,All youre doing is making the inevitable more difficult.,Its not inevitable. Claire doesnt have the votes yet.,P034_1.mp4,P034_2.mp4,P034_3.mp4
P035,I am so sorry sir. Where?,Right there.,I dont see it.,P035_1.mp4,P035_2.mp4,P035_3.mp4
P036,What are your concerns with the Chinese?,There are too many drilling sites in sensitive areas.,Its a security issue to us.,P036_1.mp4,P036_2.mp4,P036_3.mp4
P037,Cruvenaetenuestrin.,You probably havent found much because its,still in the beta stage.,P037_1.mp4,P037_2.mp4,P037_3.mp4
P038,We have work to do.,All right lets work.,This could be better.,P038_1.mp4,P038_2.mp4,P038_3.mp4
P039,Impeachment can be defeated.,But thats we need to avoid.,You want impeachment...,P039_1.mp4,P039_2.mp4,P039_3.mp4
P040,these things have a way of taking on a life of their own.,Like the Zoe Barnes story,did about my nomination for Secretary of State.,P040_1.mp4,P040_2.mp4,P040_3.mp4
P041,Yeah... but enough.,Enough so I can really get lost for a while.,Buy some time till I figure out what Im gonna do next.,P041_1.mp4,P041_2.mp4,P041_3.mp4
P042,Seth will see you out.,Sorry for the interruption.,You were saying...,P042_1.mp4,P042_2.mp4,P042_3.mp4
P043,Ill take responsibility for all of it.,She could indict you.,Thats what having a staff is for.,P043_1.mp4,P043_2.mp4,P043_3.mp4
P044,the public is going to think the opposite.,So really there is no winning.,Whatever you think is best.,P044_1.mp4,P044_2.mp4,P044_3.mp4
P045,Are you suggesting that,Its the Attorney Generals word against Heathers.,As your lawyer I cant be part of this conversation.,P045_1.mp4,P045_2.mp4,P045_3.mp4
P046,What Green promised you,that can be undone in a heartbeat.,And thats why youre here. Make sure it isnt.,P046_1.mp4,P046_2.mp4,P046_3.mp4
P047,Sorry for the interruption.,Hes one of our speechwriters.,Tom Yates has quite a reputation.,P047_1.mp4,P047_2.mp4,P047_3.mp4
P048,Just water for now.,Its filtered. Your wife would approve.,You ever been to St. Louis before?,P048_1.mp4,P048_2.mp4,P048_3.mp4
P049,Somebody at his side  with one foot in the Executive Branch,and one in the Legislative.,He is very open to the idea.,P049_1.mp4,P049_2.mp4,P049_3.mp4
P050,Ill call Kern., Goodnight sir.  Night.,How much did Green tell you?,P050_1.mp4,P050_2.mp4,P050_3.mp4
P051,Ive always been awestruck.,People who are willing to take a bullet for someone else.,Its how I serve my country.,P051_1.mp4,P051_2.mp4,P051_3.mp4
P052,And I prefer to stick around.,Remy Danton serial monogamist.,This a joke?,P052_1.mp4,P052_2.mp4,P052_3.mp4
P053,who conducted that investigation as they always do,in a competent honest and independent way,in the finest tradition of the FBI.,P053_1.mp4,P053_2.mp4,P053_3.mp4
P054,Paul...,Claire.,I didnt realize you and Frank  were staying here.,P054_1.mp4,P054_2.mp4,P054_3.mp4
P055,Yes.,But what is on the other side?,Victory.,P055_1.mp4,P055_2.mp4,P055_3.mp4
P056,,Gillian?  Claire.,So nice to finally meet you.,P056_1.mp4,P056_2.mp4,P056_3.mp4
P057,Were not attaching strings.,Ill think about it.,Theyd really love to move quickly on this.,P057_1.mp4,P057_2.mp4,P057_3.mp4
P058,Hes already getting classified memos.,Why does she want this?,She?,P058_1.mp4,P058_2.mp4,P058_3.mp4
P059,What do you mean by that No matter what?,You think were gonna lose?  No!,o.,P059_1.mp4,P059_2.mp4,P059_3.mp4
P060,My office is three doors down from the presidents.,I cant publicly deride him.,You want me to do it?,P060_1.mp4,P060_2.mp4,P060_3.mp4
P061,Why?  Politics.,Theres forces bigger than  either of us at play here.,Its  jobs.,P061_1.mp4,P061_2.mp4,P061_3.mp4
P062,All right. Fuck it.,Seth Im choosing to believe you right now,but if I come to regret that decision,P062_1.mp4,P062_2.mp4,P062_3.mp4
P063,until youre feeling more like yourself.,Rachel she...,I dont remember.,P063_1.mp4,P063_2.mp4,P063_3.mp4
P064,And there might be some unforeseen consequences.,I dont think Aidan would reveal anything,that would endanger me... or anyone else.,P064_1.mp4,P064_2.mp4,P064_3.mp4
P065,For whom?  The Holburns.,Why on earth would you want them there?  Im going to need her money for the CWl.,The staff cuts are just not enough.,P065_1.mp4,P065_2.mp4,P065_3.mp4
P066,You should have come to us.,I said I would.,Danton said you couldnt do anything.,P066_1.mp4,P066_2.mp4,P066_3.mp4
P067,The way you say that sounds so... rote.,I dont know...,What am I supposed to say to that?,P067_1.mp4,P067_2.mp4,P067_3.mp4
P068,and they authorized me to do  what I think is best.,And do they realize  that they are shutting the door,on  members of  the United States Congress?,P068_1.mp4,P068_2.mp4,P068_3.mp4
P069,You need to do some grocery shopping.,I dont cook a lot.  Obviously.,If you have to get back to your kids...,P069_1.mp4,P069_2.mp4,P069_3.mp4
P070,Oh sure. Ill give you some privacy.,Thank you.,Good to see you.,P070_1.mp4,P070_2.mp4,P070_3.mp4
P071,You know hes right.  Well of course hes right.,Maybe we offer something else.,She wont listen.,P071_1.mp4,P071_2.mp4,P071_3.mp4
P072,Oh its not that.,You can tell me or I can keep guessing.,Youll roll your eyes.,P072_1.mp4,P072_2.mp4,P072_3.mp4
P073,We need to distance this administration,from her and her work.,Her tactics.,P073_1.mp4,P073_2.mp4,P073_3.mp4
P074,But I will be damned if I will make the same mistake twice.,This sort of stubbornness makes you no better than the Tea Party.,Except for the fact that we happen to be right.,P074_1.mp4,P074_2.mp4,P074_3.mp4
P075,Im gonna say this is a crucial moment.,For both of you.,How you handle tonight.,P075_1.mp4,P075_2.mp4,P075_3.mp4
P076,And Ill never ask any questions.,And what makes you think  I dont already have such an arrangement,with one of your colleagues?,P076_1.mp4,P076_2.mp4,P076_3.mp4
P077,Its his fault. Hes dead.,Daddys dead. He killed him.  Please.,Give me a minute.,P077_1.mp4,P077_2.mp4,P077_3.mp4
P078,Because you care about other things now.,Like Jackie.,Which is why youll make this happen.,P078_1.mp4,P078_2.mp4,P078_3.mp4
P079,You mean anything newsworthy?,I actually didnt call to badger you.,Yes you did but thats part ofyour charm.,P079_1.mp4,P079_2.mp4,P079_3.mp4
P080,Ive got a story if you want it.,Its pretty fucking great.,You would give away a story?,P080_1.mp4,P080_2.mp4,P080_3.mp4
P081,So you ignore all that?,I cant ignore the Department of Justice.,What can I do?,P081_1.mp4,P081_2.mp4,P081_3.mp4
P082,He just wants to bring  employment to his people,and SanCorp is building refineries.,Mostly on site.,P082_1.mp4,P082_2.mp4,P082_3.mp4
P083,Are you in a lot of pain?,othing I cant handle.,Meechum?,P083_1.mp4,P083_2.mp4,P083_3.mp4
P084,...  N Youre not actually gonna   Selectively.,Dont worry.,Its a stumble not a fall.,P084_1.mp4,P084_2.mp4,P084_3.mp4
P085,othing you can prove.,ow threaten me again.,Theres no proposal without Chinas involvement.,P085_1.mp4,P085_2.mp4,P085_3.mp4
P086,to build on the congressional revolution that youve started,politically or otherwise.,Our movement wants to explode things,P086_1.mp4,P086_2.mp4,P086_3.mp4
P087,but we need to get all the interested parties back to the table.,Of course.,Youre a good diplomat Cathy.,P087_1.mp4,P087_2.mp4,P087_3.mp4
P088,who works at a Knoxville bookstore.,So why are you bringing me all this?,You asked for options sir.,P088_1.mp4,P088_2.mp4,P088_3.mp4
P089,I cant go down to Gaffney.  The unions have just...,We postpone.  Theyre gonna be livid.,Martys reasonable okay?  He will explain to them...,P089_1.mp4,P089_2.mp4,P089_3.mp4
P090,on the grounds that you werent their legitimate spiritual advisor.,Which is your prerogative.,But I can appeal. And I would.,P090_1.mp4,P090_2.mp4,P090_3.mp4
P091,Tired. Impatient.,What can I do?,othing. This ones up to fate.,P091_1.mp4,P091_2.mp4,P091_3.mp4
P092,I wont have the president,come back to a White House in disarray.,We dont know that he is coming back.,P092_1.mp4,P092_2.mp4,P092_3.mp4
P093,But I have no problem with it in theory.,ot managing our assets for a few years,could unburden us  from a great deal of stress.,P093_1.mp4,P093_2.mp4,P093_3.mp4
P094,It is after  at night and this is my home.,I do not allow...  Were part of a mutual admiration society.,Youre a fan of the symphony.,P094_1.mp4,P094_2.mp4,P094_3.mp4
P095,I just came back to get changed. I need to get back to Francis.,You mad at me?,You shouldnt have said that.,P095_1.mp4,P095_2.mp4,P095_3.mp4
P096,everything youre gonna inherit when I die?,Well its convenient isnt it,having a dying mother when you need an excuse to skip town?,P096_1.mp4,P096_2.mp4,P096_3.mp4
P097,Cleared? Please.,The White House has not had a single press briefing,since the Herald ran my article.,P097_1.mp4,P097_2.mp4,P097_3.mp4
P098,But Id like to put that behind us.,Zoe youre going to be our new  White House correspondent.,What about Janine?,P098_1.mp4,P098_2.mp4,P098_3.mp4
P099,Those are very high heels Bridget.,When Underwood loses the committee goes away.,Youre breaking my heart.,P099_1.mp4,P099_2.mp4,P099_3.mp4
P100,Y you told me she could stay.,I changed my mind.,But you said you didnt care if she was here,P100_1.mp4,P100_2.mp4,P100_3.mp4
P101,Are you saying that you  you were ?,Raped.,Youve never spoken about this publicly about this before.,P101_1.mp4,P101_2.mp4,P101_3.mp4
P102,Those were talking points. Carefully crafted and not by her.,Im not here to pick a fight Jackie. Im here to end one.,Well itll end soon enough when the bill goes to the floor.,P102_1.mp4,P102_2.mp4,P102_3.mp4
P103,When its this important yes!,You cant have it both ways.,...NWere you...?,P103_1.mp4,P103_2.mp4,P103_3.mp4
P104,They can manipulate what people search for.,It gives them a huge advantage,Wait slow down. What does this mean?,P104_1.mp4,P104_2.mp4,P104_3.mp4
P105,If there had been a party revolt  I wouldve known about it.,We dont need the whole party to revolt.  We need ...,Thirteen Democrats  plus the other side of the aisle.,P105_1.mp4,P105_2.mp4,P105_3.mp4
P106,Thats it.,I know youre not happy about this.,What has he done to earn the title?,P106_1.mp4,P106_2.mp4,P106_3.mp4
P107,Well hes a jack of all trades., Handyman. Furniture mover.  Human shield.,How bad is it?,P107_1.mp4,P107_2.mp4,P107_3.mp4
P108,Were the stories true?,Are there problems Claire?,What are your concerns with the Chinese?,P108_1.mp4,P108_2.mp4,P108_3.mp4
P109,Oh Im sorry.  Its okay. Come in.,What did he say?  Hell do it. What did she say?,That shell think about it.,P109_1.mp4,P109_2.mp4,P109_3.mp4
P110,It would have to be different.,I know.,Thats what Im saying.,P110_1.mp4,P110_2.mp4,P110_3.mp4
P111,You were just in school. I mean you married so young.,We did. But when youve found the one,well Francis was the one.,P111_1.mp4,P111_2.mp4,P111_3.mp4
P112,meaning in these  states the delegates dont have to,they are not legally bound to vote for the candidate,who won their states primary or caucus.,P112_1.mp4,P112_2.mp4,P112_3.mp4
P113,Who are you looking to?,,Theyve hung up.,P113_1.mp4,P113_2.mp4,P113_3.mp4
P114,you could just straight up ask me for one.,Hammerschmidt.  Is he making anything of it?,ot yet. But the information about her is on the top of his desk.,P114_1.mp4,P114_2.mp4,P114_3.mp4
P115,Which one?,You tell me yours and Ill tell you mine.,Ive never been with any.,P115_1.mp4,P115_2.mp4,P115_3.mp4
P116,...Nbut you have to understand that all Im asking is,She can stay.,What?,P116_1.mp4,P116_2.mp4,P116_3.mp4
P117,My my youve grown very confident  since you worked for Francis.,Ive always been confident Claire.,You never wouldve invited me upstairs.  Never had the bridal suite.,P117_1.mp4,P117_2.mp4,P117_3.mp4
P118,ot that were aware of.,And weve asked them to hold off questioning you,until youre feeling more like yourself.,P118_1.mp4,P118_2.mp4,P118_3.mp4
P119,I can tell when Im being used Frank.  I just want to know what for.,I dont use people unless  I can throw them away afterwards.,Im trying to strengthen our partnership.,P119_1.mp4,P119_2.mp4,P119_3.mp4
P120,Then you know they hurt you,and after they hurt you,they discard you.,P120_1.mp4,P120_2.mp4,P120_3.mp4
P121,You cant expect the office,to do anything more than what you bring to it.,Im doing this for the party.  I know.,P121_1.mp4,P121_2.mp4,P121_3.mp4
P122,Cunt?,You heard that one before?,A version of it. With softer language.,P122_1.mp4,P122_2.mp4,P122_3.mp4
P123,Im very glad to hear that.,Im curious. If not me then who?,Michael Kern.,P123_1.mp4,P123_2.mp4,P123_3.mp4
P124,You fucked a congressman to get ahead.,Im not the first person  to ever do something like that Lucas.,But Im not sleeping  with those other people am l?,P124_1.mp4,P124_2.mp4,P124_3.mp4
P125,Hopefully hell disagree with it.,But this couldve been the wrong move.,Well dont doubt yourself.,P125_1.mp4,P125_2.mp4,P125_3.mp4
P126,Heres some politics for you.,I allow this to go to the floor  I get murdered next election.,This is coming from the President.,P126_1.mp4,P126_2.mp4,P126_3.mp4
P127,She screwed up.,Well is it something I need to get ready for?,The Underwoods want this handled indirectly.,P127_1.mp4,P127_2.mp4,P127_3.mp4
P128,Will you stand beside us or not?,Of course. If thats what the President wants.,Im very glad to hear that.,P128_1.mp4,P128_2.mp4,P128_3.mp4
P129,And lets not forget,he has had some emotional problems,in the past.  Underwood has disrespected,P129_1.mp4,P129_2.mp4,P129_3.mp4
P130,I was of a mind to ignore your call this morning,but he convinced me that we should keep talking.,Isnt that right Governor?,P130_1.mp4,P130_2.mp4,P130_3.mp4
P131,But it never lasts.,Whats your answer?,Youve gotten colder since youve taken over this job.,P131_1.mp4,P131_2.mp4,P131_3.mp4
P132,Right. And I know that Francis  spoke to you about this not too long ago,but lately we havent heard much  from the State Department,so I was wondering if you could help.,P132_1.mp4,P132_2.mp4,P132_3.mp4
P133,Its whatever you want it to be.,You sound tipsy.  I am.,I just spent the last two hours  drinking Long lsland lced Teas.,P133_1.mp4,P133_2.mp4,P133_3.mp4
P134,Who knows?,Zoe.,I thought you said she could be trusted.,P134_1.mp4,P134_2.mp4,P134_3.mp4
P135,Mr. President.,I know this hasnt been easy for you.,Well the truth is one can get used to almost anything.,P135_1.mp4,P135_2.mp4,P135_3.mp4
P136,I dont think Aidan would reveal anything,that would endanger me... or anyone else.,How far back do you and he go?,P136_1.mp4,P136_2.mp4,P136_3.mp4
P137,Came after you?,She wanted me to work for her. I didnt know if you knew.,In what capacity?,P137_1.mp4,P137_2.mp4,P137_3.mp4
P138,I dont know.,We need to slow down take a step back and reevaluate.,We already let Rachel slip away.,P138_1.mp4,P138_2.mp4,P138_3.mp4
P139,Got in some trouble on this bed huh?,Woke up the whole block.,Hey howd it go with Paul?,P139_1.mp4,P139_2.mp4,P139_3.mp4
P140,Before we say anything else,we just wanted to be absolutely certain that...,you knew that.,P140_1.mp4,P140_2.mp4,P140_3.mp4
P141,Lets just stop right there.,So these analysts you speak of,theyre making predictions prior to Dunbars report even being released.,P141_1.mp4,P141_2.mp4,P141_3.mp4
P142,Christ I havent seen that woman laugh in  years.,Im just not a threat.,Just someone who didnt judge accepted her.,P142_1.mp4,P142_2.mp4,P142_3.mp4
P143,I just spent the last two hours  drinking Long lsland lced Teas.,Whats your address?,Do your parents know you live like this?,P143_1.mp4,P143_2.mp4,P143_3.mp4
P144,I would have thought youd step up  when things were difficult,ot hold the donation hostage.,Well things are less complicated now.  The donation is back on the table.,P144_1.mp4,P144_2.mp4,P144_3.mp4
P145,I dont want to have anything to do with them.,Whatever you think of the president,you still have a duty to your country.,P145_1.mp4,P145_2.mp4,P145_3.mp4
P146,puts Frank at the center of this and says I knew nothing.,And then well reward him for his honesty.,You mean a pardon.,P146_1.mp4,P146_2.mp4,P146_3.mp4
P147,Solicitation controlled substances  driving under the influence...,Youve got quite a long list of hobbies.,What is it you want?,P147_1.mp4,P147_2.mp4,P147_3.mp4
P148,My hands were tied Paul.  People wanted it closed.,I was under a lot of pressure.  From who?,People high up the food chain.  Theres nothing I could do.,P148_1.mp4,P148_2.mp4,P148_3.mp4
P149,And hes pushing the parents to sue Gaffney.,Sue Gaffney? Its in his own jurisdiction.,Its worth throwing Gaffney under the bus  to drag you into the mess.,P149_1.mp4,P149_2.mp4,P149_3.mp4
P150,protected you.,You see all those people want...,is someone to keep them from what theyre afraid to know.,P150_1.mp4,P150_2.mp4,P150_3.mp4
P151,Trade tariffs are controlled by Congress.,You have a lot more influence  there than Garrett does.,Its the reason I wanted you  to stay there in the first place.,P151_1.mp4,P151_2.mp4,P151_3.mp4
P152,Im satisfied where I am.,Maybe one day when you become Speaker  youll bump me up.,This is the sort of thing  that theres no turning back.,P152_1.mp4,P152_2.mp4,P152_3.mp4
P153,could unburden us  from a great deal of stress.,Well then what does your  reluctance stem from?,Why do you think the President wants me?,P153_1.mp4,P153_2.mp4,P153_3.mp4
P154,Bob Birch.  And look at Friday night.,Raymond Tusk. These arent the  craziest meetings for him to be having.,Then why arent they  on the official schedule?,P154_1.mp4,P154_2.mp4,P154_3.mp4
P155,The Underwoods want this handled indirectly.,So what exactly are we saying?,Shes being pushed out.,P155_1.mp4,P155_2.mp4,P155_3.mp4
P156,One month.,One month sober.,I can give you that.,P156_1.mp4,P156_2.mp4,P156_3.mp4
P157,And now he works for you.,o I think hes really working for you isnt he?,Dont get paranoid Francis.,P157_1.mp4,P157_2.mp4,P157_3.mp4
P158,o sir. Im so sorry. Ill have the kitchen...,Whats your name?  Stephanie.,You can leave the plate Stephanie.  Id like to talk to the manager.,P158_1.mp4,P158_2.mp4,P158_3.mp4
P159,Well my husband happens to be a politician,and I happen to do political work.,But our partnership extends far beyond that.,P159_1.mp4,P159_2.mp4,P159_3.mp4
P160,Its just that Janine has so much experience.,I thought youd be more excited about this.,Im sorry. I just thought  you brought me in here to... I dont know.,P160_1.mp4,P160_2.mp4,P160_3.mp4
P161,Well that they can do. And thats why Im here.,So welcome to Elysian Fields.,Its strange for you isnt it? Without him here.,P161_1.mp4,P161_2.mp4,P161_3.mp4
P162,Maybe we offer something else.,She wont listen.,What about LeAnn?,P162_1.mp4,P162_2.mp4,P162_3.mp4
P163,He doesnt want anything from you Francis.,Come on Claire. You know better than that.,I specifically asked.,P163_1.mp4,P163_2.mp4,P163_3.mp4
P164,you threaten their livelihood,of course you force them to strike.,And did we also force them to start  throwing bricks at peoples houses?,P164_1.mp4,P164_2.mp4,P164_3.mp4
P165,Yes maam.,I thought you got lost.,o. I just needed a break.,P165_1.mp4,P165_2.mp4,P165_3.mp4
P166,ot even to go to school.,My kids are gonna go though.,Im not gonna let these monsters rule over our lives.,P166_1.mp4,P166_2.mp4,P166_3.mp4
P167,so if you need someone to do research  or punch out background...,I think Ill be fine.,Well if things get hectic  and you need any help.,P167_1.mp4,P167_2.mp4,P167_3.mp4
P168,Remy Danton serial monogamist.,This a joke?,...NIm sorry. I didnt uh... sorry.,P168_1.mp4,P168_2.mp4,P168_3.mp4
P169,I just like hearing you read it.,Doug theres something I need to talk to you about.,You said that she was just staying for a few nights.,P169_1.mp4,P169_2.mp4,P169_3.mp4
P170,He just another customer. A loyal one.,You think thats why he likes it here?,Cause you treat him like a regular person?,P170_1.mp4,P170_2.mp4,P170_3.mp4
P171,Right this way sir.,Did Augustus play?,I like to think I did.,P171_1.mp4,P171_2.mp4,P171_3.mp4
P172,Ive been doing this  a long time Congressman.,I know when Ive scraped  all the shit off the shoe.,Prostitution.,P172_1.mp4,P172_2.mp4,P172_3.mp4
P173,o. Shes just a girl in trouble  who needs a place to stay.,We have to be discreet.  Can I at least meet her first?,I need to know now.,P173_1.mp4,P173_2.mp4,P173_3.mp4
P174,And I even had a fling with a Congressman.,Which one?,You tell me yours and Ill tell you mine.,P174_1.mp4,P174_2.mp4,P174_3.mp4
P175,You mad at me?,You shouldnt have said that.,I know. I know we need to be careful.,P175_1.mp4,P175_2.mp4,P175_3.mp4
P176,I was hoping you might speak to them.,Who?,Vanderburgh and Abrams.,P176_1.mp4,P176_2.mp4,P176_3.mp4
P177,Hes married with three kids.,And wouldnt they be devastated.  All right.,What about Catherine Durant?,P177_1.mp4,P177_2.mp4,P177_3.mp4
P178,Whats your name?  Stephanie.,You can leave the plate Stephanie.  Id like to talk to the manager.,Yes sir. Ill go get him.,P178_1.mp4,P178_2.mp4,P178_3.mp4
P179,Its classified.,And youre speaking from your conscience.,Yes sir.,P179_1.mp4,P179_2.mp4,P179_3.mp4
P180,And keep your eye on Janine Skorsky  while Im away.,Shes been prying into Russo.,What does she know?,P180_1.mp4,P180_2.mp4,P180_3.mp4
P181,My very own White House intern.,He was a real blabbermouth  when he wasnt eating me out.,And I even had a fling with a Congressman.,P181_1.mp4,P181_2.mp4,P181_3.mp4
P182,What for?,Because I need some of his photographs  for the silent auction at the gala next month.,You speak to Remy yet?,P182_1.mp4,P182_2.mp4,P182_3.mp4
P183,I can totally see you here at .,Got in some trouble on this bed huh?,Woke up the whole block.,P183_1.mp4,P183_2.mp4,P183_3.mp4
P184,Youve got a long way to go.  Dont be so arrogant.,Okay so you think when a woman asks  to be treated with respect thats arrogance?,Are you accusing me of sexism?,P184_1.mp4,P184_2.mp4,P184_3.mp4
P185,I bring years of foreign affairs committee...,Frank please.,I wanna speak to Walker personally.,P185_1.mp4,P185_2.mp4,P185_3.mp4
P186,Ive lost two reporters Tom.,Oh come on Margaret.,Underwood may be a crook but hes not a killer.,P186_1.mp4,P186_2.mp4,P186_3.mp4
P187,Do you agree with Doug? Youre having reservations about LeAnn?,Less about her and more about Tom.,But I told you I trust you on this so Im trusting you.,P187_1.mp4,P187_2.mp4,P187_3.mp4
P188,Hes acting like hes still  years old.,We both are.,Is that good... or bad?,P188_1.mp4,P188_2.mp4,P188_3.mp4
P189,and hes planning a terrorist attac,against a voting center in Tennessee.,And that is a terrifying proposition.,P189_1.mp4,P189_2.mp4,P189_3.mp4
P190,how ridiculous Mr. Goodwins claims are. I pity him.,I truly do. I think he needs help.,Ive interviewed many mentally ill people. Hes not one of them.,P190_1.mp4,P190_2.mp4,P190_3.mp4
P191,is not the Kalabi connected to ICO.,Can you prove it wasnt just a bureaucratic mixup?,Uh not yet.,P191_1.mp4,P191_2.mp4,P191_3.mp4
P192,And let me be more specific.,Was any medication prescribed or taken as a result of your,counseling session by the President of the United States?,P192_1.mp4,P192_2.mp4,P192_3.mp4
P193,I can end Dunbars campaign.,We can end it today.,How?,P193_1.mp4,P193_2.mp4,P193_3.mp4
P194,,You can conjure up little gray men if you really want to.,Did you kill Peter Russo?,P194_1.mp4,P194_2.mp4,P194_3.mp4
P195, That way if anyone finds  I know Raymond.,He wont respond to anyone but me.,Whens his hearing scheduled?,P195_1.mp4,P195_2.mp4,P195_3.mp4
P196,Well I havent mentioned it to anyone and neither has Claire.,I would never betray the presidents trust like that.,Thank you for your time.,P196_1.mp4,P196_2.mp4,P196_3.mp4
P197,It really helps. Very effective.,Yeah. Id be happy to help you find more funding for it.,If youre feeling a little worked up...,P197_1.mp4,P197_2.mp4,P197_3.mp4
P198,Thats okay. Im going to bed soon anyway.  See you tomorrow?,I hope so. Wish me luck.,Bonsoir ma petite Peachoid.,P198_1.mp4,P198_2.mp4,P198_3.mp4
P199,He was the House whip the entire time Adohi were,contributing to the Democrats,and hes working side by side with the president now.,P199_1.mp4,P199_2.mp4,P199_3.mp4
P200,Stop.,Your mom told me they found you in the lake.,What do you care?,P200_1.mp4,P200_2.mp4,P200_3.mp4
