pair,lr_12,lr_13,lr_d,lr_d_lo,lr_d_hi,lr_12_lo,gbm_12,gbm_13,gbm_d,gbm_d_lo,gbm_d_hi,gbm_12_lo
anger/disgust,0.58307797071842,0.6022046305754172,0.01912665985699713,-0.006067958462657005,0.046197763623771426,0.5318264036505833,0.4564436499829758,0.4868488253319714,0.03040517534899556,-0.021032519899293837,0.08253757815251961,0.40727408491543404
anger/fear,0.5523784355179704,0.5562632135306553,0.003884778012684942,-0.023838089318246884,0.03174681975709983,0.5062086406198857,0.5195824524312895,0.5018939393939394,-0.017688513037350084,-0.07907935934489402,0.04040972093737857,0.4704463714286486
anger/joy,0.6375896015997538,0.6636071373634826,0.026017535763728894,0.009630738243410982,0.0418218739170286,0.6088725479000405,0.5546254422396554,0.5757298877095831,0.021104445469927735,-0.008283803639791195,0.050624299268156786,0.5268150560560291
anger/neutral,0.6322626554562971,0.6419255780346821,0.00966292257838497,-0.002833842258039379,0.02156079205126437,0.6079758459582335,0.5704561875985287,0.5738472149238045,0.0033910273252758527,-0.023443481756689644,0.02823281607568016,0.54564756584333
anger/sadness,0.5689297555709769,0.580441822808235,0.011512067237258061,-0.007954438643804428,0.0307104057568867,0.5316165826717937,0.487589636826278,0.503411982419616,0.01582234559333806,-0.0248547603990175,0.05613367487817091,0.4516178482396924
anger/surprise,0.6073462435000896,0.6225766541151156,0.015230410615026058,-0.0008494375285163056,0.031002192478064548,0.5788928141740108,0.5569284561592254,0.5414201183431954,-0.015508337816030004,-0.04607703847989275,0.016249097803919706,0.5270594344926239
disgust/fear,0.5146655343611184,0.5709432976221583,0.05627776326103995,0.014582654196788017,0.09771984874881211,0.45225737639505814,0.4631238568068984,0.4683172197543768,0.005193362947478408,-0.07263904955241024,0.08175456486814772,0.39600500021884516
disgust/joy,0.6052443962812981,0.631825700108367,0.026581303827068914,-0.004336674234136894,0.05747000067048369,0.5567567786147805,0.5089117663833913,0.5368162892830662,0.027904522899674933,-0.02739609847106223,0.08395425018111531,0.4603861263838008
disgust/neutral,0.6024773494836656,0.5977300772877834,-0.004747272195882224,-0.028453043570051805,0.01935443943991739,0.5514741917444972,0.5044184743781256,0.5119686464895759,0.00755017211145026,-0.04467439899981937,0.06129580256157956,0.45775110148763154
disgust/sadness,0.538039282957372,0.5779583726448809,0.0399190896875089,0.006434352822591372,0.07294322257461222,0.49058175370948015,0.4811447522657746,0.5268676558881551,0.04572290362238052,-0.020911462774262764,0.11155352463067641,0.4247155290676154
disgust/surprise,0.5283092879462801,0.5851406156505552,0.056831327704275125,0.023448956649638076,0.08747697264798548,0.48093022924407336,0.5082507811980587,0.5341200718037364,0.025869290605677775,-0.03275656969148831,0.08197838760317418,0.4598041311507782
fear/joy,0.5661551174595679,0.6451422500295125,0.07898713256994461,0.04604746483716274,0.1112362359923413,0.5210092478038786,0.5339570298666038,0.5109078030929052,-0.023049226773698583,-0.08755251440569725,0.03770473762635785,0.4879848024971466
fear/neutral,0.5454876747546713,0.5931135737330286,0.04762589897835734,0.01754002586523563,0.07683725869872057,0.5059814756700205,0.5229586049872295,0.4933164739884393,-0.02964213099879015,-0.0853270463058605,0.02212328206434083,0.47884688926160707
fear/sadness,0.5061837978578614,0.5380052074087224,0.03182140955086099,-0.005280758527059282,0.06743832427642721,0.451398168403704,0.5125155334635186,0.4849399372743949,-0.027575596189123752,-0.09642833590163262,0.038207901382984986,0.45733282359563576
fear/surprise,0.5115591027934498,0.5651369203247557,0.05357781753130586,0.022242429583171228,0.08276604824019305,0.4675067989135112,0.5179578918398239,0.47725333700288974,-0.04070455483693414,-0.10151846517377425,0.015386533523647106,0.47454448479585476
joy/neutral,0.5326563921246442,0.5622021801003492,0.02954578797570495,0.014474338376018307,0.04508267932771644,0.5108400310600681,0.5196711510812476,0.5322177312872275,0.012546580205979874,-0.012384134986237269,0.03636187917833994,0.49945893299368505
joy/sadness,0.5688043295746632,0.6163030702264244,0.047498740651761184,0.025118919289566208,0.07087596703768073,0.5323290471750185,0.5350563800519239,0.5699900543780112,0.034933674326087294,-0.008549998158359473,0.07620130252053593,0.5016367710311788
joy/surprise,0.5370209954044394,0.5699852821914517,0.032964286787012353,0.014134764263582655,0.05056438158003459,0.5087217719721827,0.5418802751329108,0.5480311176523593,0.0061508425194485294,-0.025681892340532003,0.03619931475387361,0.5164268975382945
neutral/sadness,0.5641188280457132,0.5957746841400814,0.03165585609436816,0.01424028403363374,0.05057785680074783,0.5292082829291327,0.5192384062127697,0.5462390975010664,0.02700069128829663,-0.010403675741156965,0.06479026531551238,0.48788381319867324
neutral/surprise,0.552545362041249,0.5647159421281254,0.012170580086876326,-0.003106128236698644,0.026592000045731565,0.5307847824040229,0.5311272958921913,0.5397219276943599,0.008594631802168573,-0.018786883288829805,0.034295642560648834,0.5069906604407677
sadness/surprise,0.5432298959603716,0.5734887152385685,0.030258819278196847,0.0074408139837133045,0.052637614754194414,0.504885405813563,0.5510080250538266,0.5406326693467034,-0.010375355707123224,-0.05217273246980597,0.030848917838219515,0.5161554529668306
