fold,arm,seed,sel_UAR,UAR,WAR
0,RoleNet,42,23.734751234751236,27.715510385173996,41.995841995842
0,RoleNet,123,20.355909284480713,28.029167233968398,40.12474012474013
0,RoleNet,456,21.793664936522077,25.153532270490878,35.96673596673597
0,RoleNet,7,21.02225852225852,25.5894623975899,38.66943866943867
0,RoleNet,11,23.422598422598423,25.952646058986467,39.2931392931393
0,RoleNet,19,21.416227844799273,27.124046736785452,39.70893970893971
0,RoleNet,23,21.05982355982356,26.817920683977743,42.20374220374221
0,RoleNet,31,25.187356901642612,26.5246009757966,39.2931392931393
0,RoleNet,37,20.922158422158425,27.739471337336017,41.37214137214137
0,RoleNet,43,21.22508772508772,26.37934399560871,36.590436590436596
0,Up-sqrt,42,26.17832117832118,26.90241929601206,39.91683991683992
0,Up-sqrt,123,23.36806822521108,26.0085834689402,36.590436590436596
0,Up-sqrt,456,20.726139011853295,27.29602950720592,37.83783783783784
0,Up-sqrt,7,21.830668187811046,28.214233665683913,29.521829521829524
0,Up-sqrt,11,24.395877824449254,28.155762277421825,37.83783783783784
0,Up-sqrt,19,21.56943442657728,22.85388536843597,29.72972972972973
0,Up-sqrt,23,22.91026269597698,27.671571260916945,39.2931392931393
0,Up-sqrt,31,27.23668723668724,27.508508436505565,35.96673596673597
0,Up-sqrt,37,25.061577275862987,29.617934144066222,36.17463617463618
0,Up-sqrt,43,21.00071892929036,27.439970618701782,41.78794178794179
0,Up-bal,42,22.1323914181057,19.911077065621217,20.582120582120584
0,Up-bal,123,24.863751506608647,23.886662309785144,27.85862785862786
0,Up-bal,456,26.146374003516858,27.073941347389468,38.46153846153847
0,Up-bal,7,23.475293975293976,17.579647280582574,17.04781704781705
0,Up-bal,11,25.74511795940367,26.45138480767141,32.224532224532226
0,Up-bal,19,23.68792968792969,23.80557125342224,28.06652806652807
0,Up-bal,23,22.815327886756457,25.315467196227416,31.185031185031185
0,Up-bal,31,22.698647627219056,23.98456168855967,27.442827442827443
0,Up-bal,37,25.99876878448307,26.927928270444493,34.0956340956341
0,Up-bal,43,22.401479187193473,24.625936627723984,28.274428274428274
1,RoleNet,42,29.481721981721986,27.295485107505304,39.42505133470226
1,RoleNet,123,32.1482683982684,28.090311386115243,42.299794661190965
1,RoleNet,456,26.933621933621932,26.73788042124778,39.21971252566735
1,RoleNet,7,28.278018278018276,27.785995653002338,39.630390143737166
1,RoleNet,11,28.20827320827321,25.583848264773327,40.4517453798768
1,RoleNet,19,30.15031265031265,27.928093710361956,42.50513347022588
1,RoleNet,23,29.147426647426645,30.44568479844333,43.121149897330596
1,RoleNet,31,29.03258778258778,26.18739536836367,38.19301848049281
1,RoleNet,37,29.314574314574312,24.92723352870684,33.67556468172484
1,RoleNet,43,26.8512506012506,27.872086259868166,41.478439425051334
1,Up-sqrt,42,32.578162578162576,26.999908916106374,39.42505133470226
1,Up-sqrt,123,35.00661375661375,24.72847327924485,33.47022587268994
1,Up-sqrt,456,28.026695526695526,26.03314153289972,33.47022587268994
1,Up-sqrt,7,28.474025974025977,28.822033172713812,38.398357289527716
1,Up-sqrt,11,29.874939874939876,29.134368306194848,38.398357289527716
1,Up-sqrt,19,29.09211159211159,27.253926934272563,36.75564681724846
1,Up-sqrt,23,29.096320346320347,28.32616129429673,40.4517453798768
1,Up-sqrt,31,29.08068783068783,32.14133083650403,41.067761806981515
1,Up-sqrt,37,28.413900913900914,22.303136782304026,30.59548254620123
1,Up-sqrt,43,33.419913419913414,25.9762225221333,37.57700205338809
1,Up-bal,42,31.547619047619044,26.7056079372887,34.90759753593429
1,Up-bal,123,35.303030303030305,22.971788304590472,35.1129363449692
1,Up-bal,456,26.640211640211643,26.231144543714418,35.93429158110883
1,Up-bal,7,30.842953342953344,26.743864493629026,35.318275154004105
1,Up-bal,11,27.835497835497836,25.837585476977136,34.90759753593429
1,Up-bal,19,29.428210678210682,25.422170217358737,34.70225872689938
1,Up-bal,23,29.540043290043286,24.27844634471478,31.622176591375773
1,Up-bal,31,28.253367003367003,26.770954540393166,34.29158110882957
1,Up-bal,37,30.063131313131315,26.393542947158313,32.238193018480494
1,Up-bal,43,26.043771043771045,22.004296164343636,26.283367556468175
2,RoleNet,42,22.85705510274285,24.1970678852907,34.23799582463465
2,RoleNet,123,21.544143973378823,22.9075694761276,34.23799582463465
2,RoleNet,456,21.48861298905527,25.3196353433478,36.32567849686848
2,RoleNet,7,22.113494520615262,23.0075264429204,33.61169102296451
2,RoleNet,11,23.66109601735431,23.821516547720897,32.98538622129436
2,RoleNet,19,20.954469507101084,23.741899273037472,34.65553235908142
2,RoleNet,23,23.19794584500467,26.396555067825552,38.83089770354906
2,RoleNet,31,21.659295297066194,26.489195322708927,37.578288100208766
2,RoleNet,37,22.979858610110714,21.087566405084505,30.48016701461378
2,RoleNet,43,23.614024557191296,25.559626617846938,37.160751565762006
2,Up-sqrt,42,23.845696173206125,25.564193181715442,36.32567849686848
2,Up-sqrt,123,23.65053038759363,25.723296173000808,35.281837160751564
2,Up-sqrt,456,22.385094388632645,25.153033541418598,36.32567849686848
2,Up-sqrt,7,25.576827222116915,23.82082459792752,33.40292275574113
2,Up-sqrt,11,23.936188510491917,23.028358842902485,33.40292275574113
2,Up-sqrt,19,20.836861060213558,24.555514386511142,33.82045929018789
2,Up-sqrt,23,24.12770371306417,25.826551488836206,35.699373695198325
2,Up-sqrt,31,23.320275478612498,23.05235511315468,33.194154488517746
2,Up-sqrt,37,24.329100061077064,19.266624776338563,26.722338204592898
2,Up-sqrt,43,22.89798375490547,22.85264359615387,31.732776617954073
2,Up-bal,42,25.037593984962406,25.825316925450046,27.97494780793319
2,Up-bal,123,22.878870846584245,23.707072572618795,26.722338204592898
2,Up-bal,456,22.562867252164022,26.169601757941056,29.64509394572025
2,Up-bal,7,24.115260139143377,20.480064074373082,27.348643006263046
2,Up-bal,11,25.113729702407277,25.9424305391108,28.18371607515658
2,Up-bal,19,25.196043329612547,24.705545203610768,29.853862212943632
2,Up-bal,23,24.055552045379553,25.562094982699865,30.68893528183716
2,Up-bal,31,22.165059006058563,23.48909175246641,30.2713987473904
2,Up-bal,37,23.353867862934646,22.840903942181086,30.2713987473904
2,Up-bal,43,21.351786328566515,23.60560395775472,30.062630480167012
3,RoleNet,42,29.837703057811755,19.872749719322492,31.315240083507305
3,RoleNet,123,30.029313983118332,20.465067417435016,30.48016701461378
3,RoleNet,456,27.725752508361207,19.809563779054013,31.732776617954073
3,RoleNet,7,27.51259157509158,20.266562765457056,32.5678496868476
3,RoleNet,11,28.273709985666507,21.329930835345323,28.60125260960334
3,RoleNet,19,26.42240006370441,19.64874838824419,31.941544885177453
3,RoleNet,23,28.045449116101288,20.30414032067582,32.5678496868476
3,RoleNet,31,26.101787705048576,19.413242648975967,28.81002087682672
3,RoleNet,37,25.732600732600734,18.28274166809581,27.766179540709814
3,RoleNet,43,28.686464803312628,19.529045842107653,29.018789144050107
3,Up-sqrt,42,32.688216674629714,19.336223843002166,28.39248434237996
3,Up-sqrt,123,31.912904124860642,22.92073811410172,32.35908141962422
3,Up-sqrt,456,30.803810320114668,21.36489911896865,31.315240083507305
3,Up-sqrt,7,33.53329550883898,20.429009878499556,27.348643006263046
3,Up-sqrt,11,32.90728021978022,21.886061676540127,30.062630480167012
3,Up-sqrt,19,28.29668338907469,20.500009853769324,29.64509394572025
3,Up-sqrt,23,29.27837832457397,20.306553169182173,28.18371607515658
3,Up-sqrt,31,29.94737418378723,21.11615239245239,31.315240083507305
3,Up-sqrt,37,31.312957875457872,19.155087835407198,28.81002087682672
3,Up-sqrt,43,29.60188724319159,24.757365831186885,33.82045929018789
3,Up-bal,42,30.72335363911451,21.053081256546466,31.524008350730686
3,Up-bal,123,30.3907967032967,19.266571922083422,26.304801670146137
3,Up-bal,456,29.07259316770186,21.68675632936305,32.150313152400834
3,Up-bal,7,28.233904682274247,18.021333031450045,20.668058455114824
3,Up-bal,11,30.18152771141901,18.18909832612875,25.887265135699373
3,Up-bal,19,32.3847149227584,20.80784005841063,28.39248434237996
3,Up-bal,23,28.52420767638159,18.625945803877308,25.469728601252612
3,Up-bal,31,28.90065097945532,18.376047446099086,23.173277661795407
3,Up-bal,37,29.819965360726233,20.89640819956566,30.062630480167012
3,Up-bal,43,30.057443462334763,19.42538337339133,24.843423799582464
4,RoleNet,42,25.588991934506883,23.176120119950944,33.535353535353536
4,RoleNet,123,25.82758601031026,23.138009628190108,32.72727272727273
4,RoleNet,456,26.209888103575814,23.675968498355793,32.323232323232325
4,RoleNet,7,26.157417502932454,22.866143076837023,34.54545454545455
4,RoleNet,11,26.369195488796816,23.903554860003258,34.14141414141414
4,RoleNet,19,25.89628308897412,19.687154042368583,31.313131313131315
4,RoleNet,23,25.159072218872886,24.42764200530083,37.57575757575757
4,RoleNet,31,24.848216642236576,21.828042014180898,31.515151515151512
4,RoleNet,37,26.127859749122205,21.541151026593443,31.11111111111111
4,RoleNet,43,25.04908563048098,20.23532379744501,28.28282828282828
4,Up-sqrt,42,30.140742200542867,19.41302629622141,27.67676767676768
4,Up-sqrt,123,27.074942656338006,18.4516225791702,26.262626262626267
4,Up-sqrt,456,26.300821035040308,22.87312034908747,31.91919191919192
4,Up-sqrt,7,28.70790732916979,20.213856272276256,29.494949494949495
4,Up-sqrt,11,25.480594500528053,23.496441660113373,34.94949494949495
4,Up-sqrt,19,30.236313674851885,23.892041737487734,33.131313131313135
4,Up-sqrt,23,24.524151583952253,20.72642200646415,31.515151515151512
4,Up-sqrt,31,26.626419533396277,22.71601621360415,32.525252525252526
4,Up-sqrt,37,29.366818170804883,21.219744940463098,28.28282828282828
4,Up-sqrt,43,26.228223952476444,21.120718453749898,28.484848484848484
4,Up-bal,42,28.69961107502636,23.186949201368094,28.28282828282828
4,Up-bal,123,30.349337990534003,23.62470188579177,31.515151515151512
4,Up-bal,456,27.53790875053333,19.952953541726888,30.50505050505051
4,Up-bal,7,27.05149339700835,21.199607303649238,30.303030303030305
4,Up-bal,11,26.82077771778768,17.683252461851712,24.646464646464647
4,Up-bal,19,28.218815095891507,20.37176440139256,26.666666666666668
4,Up-bal,23,26.758744981336346,20.144707846683445,28.08080808080808
4,Up-bal,31,27.511967246186515,21.303399466766226,28.888888888888886
4,Up-bal,37,26.7559249286824,21.88002416450109,28.888888888888886
4,Up-bal,43,26.82100187083576,22.73587018157167,28.888888888888886
