group,variant,UAR,WAR,d_PaperBest,PaperBest_lo,PaperBest_hi,folds_vs_PaperBest,d_PaperBest_FM,PaperBest_FM_lo,PaperBest_FM_hi,folds_vs_PaperBest_FM
Baseline,PaperBest (original features),21.265409073882157,31.681123502684844,,,,,,,,
Baseline,PaperBest-FM (RoleNet features),23.247738016769233,32.71375464684015,,,,,,,,
G41,RoleNet,26.6166759139463,37.9182156133829,5.351266840064142,2.3409783580026775,7.37392417122979,5.0,3.368937897177066,0.680404473039387,5.088400864568685,5.0
G43 listener tokens,L-both (= RoleNet),26.6166759139463,37.9182156133829,5.351266840064142,2.3409783580026775,7.37392417122979,5.0,3.368937897177066,0.680404473039387,5.088400864568685,5.0
G43 listener tokens,L-history only,25.15347997175233,36.55514250309789,3.888070897870172,1.2788786150492224,6.028902664687285,4.0,1.905741954983096,-0.11782225790875289,3.7206717634612336,4.0
G43 listener tokens,L-current only,24.860428837058112,35.97686906237092,3.595019763175955,1.785814792727872,6.001694356023686,4.0,1.6126908202888792,-0.025898452185228567,3.917243285600342,5.0
G43 listener tokens,L-none,24.03519072325414,35.2333746385791,2.769781649371982,0.8067888099517189,4.955483434322138,4.0,0.7874527064849062,-1.136628705889784,2.850298653255636,3.0
G40 truncation (proxy listener),clip III 100% RoleNet,26.6166759139463,37.9182156133829,5.351266840064142,2.3409783580026775,7.37392417122979,5.0,3.368937897177066,0.680404473039387,5.088400864568685,5.0
G40 truncation (proxy listener),clip III 100% minus-L,24.03519072325414,35.2333746385791,2.769781649371982,0.8067888099517189,4.955483434322138,4.0,0.7874527064849062,-1.136628705889784,2.850298653255636,3.0
G40 truncation (proxy listener),clip III 80% RoleNet,25.728157014690606,37.00950020652623,4.462747940808448,1.9981331257922375,6.710443009828082,5.0,2.4804189979213724,0.3129603161727378,4.491488771331947,5.0
G40 truncation (proxy listener),clip III 80% minus-L,24.580037140705056,35.72903758777365,3.3146280668228982,1.2090422675190933,6.083395865327368,4.0,1.3322991239358224,-0.2566372104672573,3.836681349969314,4.0
G40 truncation (proxy listener),clip III 60% RoleNet,25.080037190180978,36.14209004543577,3.8146281162988203,1.8384787455743519,6.231925330299406,4.0,1.8322991734117444,0.12896990456604132,3.985853305860352,5.0
G40 truncation (proxy listener),clip III 60% minus-L,25.21362905398658,36.720363486162746,3.9482199801044224,1.2868671549241688,6.184620456514384,4.0,1.9658910372173466,-0.38600146846113015,4.027022695140315,5.0
G44 truncation (oracle listener),clip III 100% RoleNet,26.4376724950892,37.5877736472532,5.172263421207042,2.829284803541114,7.650456488565629,5.0,3.189934478319966,1.0033024931830647,5.383175620017542,5.0
G44 truncation (oracle listener),clip III 100% minus-L,23.58960757847503,34.03552251135894,2.3241985045928715,0.21910731446641957,4.426154283265009,5.0,0.34186956170579563,-1.5238363202864502,2.311906651489609,4.0
G44 truncation (oracle listener),clip III 80% RoleNet,25.29646927757982,35.93556381660471,4.031060203697663,1.5893135288943234,6.296482113532198,5.0,2.0487312608105874,0.034756283062083,4.024625319844249,5.0
G44 truncation (oracle listener),clip III 80% minus-L,23.729836757596207,34.36596447748864,2.4644276837140495,0.09935923651797661,4.620734626798332,4.0,0.4820987408269737,-1.7612652016026475,2.5042755104702867,2.0
G44 truncation (oracle listener),clip III 60% RoleNet,25.309794212848708,36.22470053696819,4.04438513896655,1.7279145553943436,6.313224094740867,5.0,2.0620561960794745,0.0032664914387557343,3.9709124474972533,5.0
G44 truncation (oracle listener),clip III 60% minus-L,24.102700799855597,34.86162742668319,2.83729172597344,0.12348102531264368,5.2147993153094925,4.0,0.8549627830863642,-1.821975124170887,3.0228902141547125,3.0
